{
  "mean": [
    15.07578599527403,
    0.18837059517995905,
    13.614782294210634,
    0.18966602001022492,
    65.93331267314724,
    0.596721882406953,
    1.883879983578732,
    1.5567482118854807,
    0.31887101330879347,
    0.023882481415132925,
    0.01020013345194274,
    0.8445807770961146,
    0.42535787321063395,
    0.09815950920245399,
    0.2884599789570553,
    0.13496955583026585,
    0.27840897801635994,
    0.07045114686503066,
    0.21579144903067482,
    0.05532286407770961,
    0.8650869057464212,
    2.052200739842536,
    0.8704112466319018,
    0.14370571569325152,
    0.03492325069325153,
    0.1812758860633947,
    -0.03007609755419223,
    6.893660531697342,
    6.049079754601227,
    29.815360497711655,
    7.088142278560327,
    44.81257556,
    6.673691196073619,
    0.422971097212679,
    4.961685892120655,
    0.25090955722269936,
    0.05215726022699387,
    -0.3902189216871165,
    6.65439672801636,
    1.373960017212679,
    0.2778923381063395,
    0.024278707875255625,
    0.06813449019631898,
    6.184049079754601,
    9.517382413087935,
    113.57138374059305,
    245.32002165907974,
    1.4478686159325158,
    793.0657400550102,
    148.52233035750308,
    3.2262061051717796,
    77.60284462074439,
    253.38859318492638
  ],
  "scale": [
    15.570917834645158,
    0.4401962424810803,
    10.865473040932029,
    0.4862594083480288,
    91.41286516681481,
    0.8227405454849558,
    0.3704894803013638,
    0.3500776501163426,
    0.0951021263839098,
    0.026988140064380925,
    0.015909105999615588,
    1.396891186832868,
    0.7479017169830762,
    0.42730989879470266,
    0.3214411792839897,
    0.1554831943841901,
    0.07278051644503097,
    0.0783383069757087,
    0.061766591122615275,
    0.06378299478461248,
    0.745519101080111,
    0.9233793761821125,
    0.43321381262984376,
    0.15341342212926107,
    0.11753842414035114,
    0.21057953173451996,
    0.18698318727826296,
    2.174621396024976,
    2.1577946809774895,
    13.09775232250195,
    5.183134195519469,
    18.589662390060692,
    4.139641142774491,
    0.10381621657950596,
    3.305551918021343,
    0.23240193898815642,
    0.1806818182123647,
    11.265249554863452,
    2.3940079625630886,
    6.649840782095988,
    0.2608200022493429,
    0.24569298362124123,
    6.543381792283045,
    2.1947304350791588,
    3.7656564101579293,
    67.54998568815316,
    123.44969776043945,
    2.6381845176176,
    402.9290782456437,
    87.39655118908975,
    5.933523510974018,
    131.11728638552046,
    464.45854965596254
  ]
}